time,open,high,low,close,volume,amounts
2021-01-28,7.16,8.16,7.16,7.16,7273800,52080408.0
2021-01-29,7.65,7.65,7.26,7.65,6203000,47452950.0
2021-02-01,8.12,8.12,7.65,7.69,6397000,49192930.0
2021-02-02,7.81,7.94,7.65,7.94,4126000,32760440.0
2021-02-03,8.04,8.35,7.96,8.35,5828400,48667140.0
2021-02-04,8.37,8.39,8.14,8.2,4028300,33032059.999999996
2021-02-05,8.24,8.35,8.14,8.14,3432700,27942178.000000004
2021-02-08,8.2,8.2,7.69,7.81,3452100,26960901.0
2021-02-09,7.83,8.16,7.77,8.16,2879100,23493456.0
2021-02-17,8.35,8.37,8.2,8.24,2533500,20876040.0
2021-02-18,8.27,8.29,8.2,8.2,2655700,21776739.999999996
2021-02-19,8.2,8.29,8.14,8.22,2430800,19981176.0
2021-02-22,8.24,8.51,8.24,8.33,5151400,42911162.0
2021-02-23,8.35,8.41,8.29,8.37,2263100,18942147.0
2021-02-24,8.39,8.39,8.08,8.16,3060000,24969600.0
2021-02-25,8.2,8.24,8.12,8.16,2291600,18699456.0
2021-02-26,8.0,8.16,7.98,8.16,2371800,19353888.0
2021-03-01,8.2,8.39,8.16,8.31,3508600,29156466.0
2021-03-02,8.37,8.37,8.2,8.24,3241400,26709136.0
2021-03-03,8.26,8.26,8.16,8.2,2344300,19223260.0
2021-03-04,8.2,8.22,8.04,8.06,2509400,20225764.0
2021-03-05,8.0,8.26,8.0,8.26,3108500,25676210.0
2021-03-08,8.35,8.39,8.29,8.37,4842400,40530887.99999999
2021-03-09,8.37,8.96,8.27,8.96,15494500,138830720.0
2021-03-10,9.17,9.48,9.13,9.43,8341400,78659402.0
2021-03-11,9.43,9.52,9.29,9.48,6384900,60528852.0
2021-03-12,9.41,9.64,9.33,9.64,7448700,71805468.0
2021-03-15,9.72,9.78,9.56,9.68,6493900,62860952.0
2021-03-16,9.66,9.66,9.45,9.64,3542700,34151628.0
2021-03-17,9.62,9.64,9.47,9.64,5211500,50238860.0
2021-03-18,9.76,9.86,9.64,9.68,4715700,45647976.0
2021-03-19,9.7,9.8,9.64,9.72,3745800,36409176.0
2021-03-22,9.76,9.91,9.72,9.84,4116600,40507344.0
2021-03-23,9.76,9.84,9.47,9.6,4736400,45469440.0
2021-03-24,9.45,9.6,9.27,9.31,3882000,36141420.0
2021-03-25,9.45,9.45,9.19,9.19,3602200,33104218.0
2021-03-26,9.17,9.25,8.78,9.19,6985600,64197664.0
2021-03-29,9.19,9.41,9.19,9.35,3597100,33632885.0
2021-03-30,9.39,9.43,9.31,9.41,3200900,30120469.0
2021-03-31,9.45,9.48,9.39,9.43,2303700,21723891.0
2021-04-01,9.43,9.58,9.43,9.56,4940400,47230224.0
2021-04-02,9.6,9.74,9.6,9.64,3447300,33231972.000000004
2021-04-05,9.72,9.76,9.54,9.6,3062000,29395200.0
2021-04-06,9.56,9.7,9.54,9.56,3630600,34708536.0
2021-04-07,9.56,9.62,9.48,9.58,2848300,27286714.0
2021-04-08,9.76,9.76,9.56,9.66,3409600,32936736.0
2021-04-09,9.68,9.72,9.62,9.64,2413600,23267104.0
2021-04-12,9.64,9.7,9.58,9.66,4041300,39038958.0
2021-04-13,9.7,10.07,9.7,9.78,9139600,89385288.0
2021-04-14,9.78,9.93,9.76,9.89,3874400,38317816.0
2021-04-15,9.95,10.01,9.72,9.72,4195500,40780260.0
2021-04-16,9.64,9.66,9.29,9.37,5066100,47469356.99999999
2021-04-19,9.37,9.48,9.29,9.48,3059800,29006904.0
2021-04-20,9.45,9.48,9.21,9.25,5138300,47529275.0
2021-04-22,9.19,9.21,8.61,8.61,3721500,32042114.999999996
2021-04-23,8.67,8.98,8.63,8.98,3546200,31844876.0
2021-04-26,8.98,8.98,8.78,8.78,1941000,17041980.0
2021-04-27,8.82,8.96,8.7,8.9,1635700,14557730.0
2021-04-28,8.9,9.27,8.86,9.11,2861500,26068265.0
2021-04-29,9.27,9.27,9.15,9.17,2112700,19373459.0
2021-05-04,8.94,9.15,8.88,9.07,2745200,24898964.0
2021-05-05,9.09,9.43,9.09,9.31,3138700,29221297.0
2021-05-06,9.33,9.39,9.21,9.23,2905700,26819611.0
2021-05-07,9.17,9.33,9.06,9.13,4145900,37852067.0
2021-05-10,9.13,9.48,9.0,9.43,5194900,48987907.0
2021-05-11,9.5,9.52,9.33,9.33,3290000,30695700.0
2021-05-12,9.31,9.41,9.27,9.41,2419400,22766554.0
2021-05-13,9.35,9.5,9.33,9.37,3822000,35812140.0
2021-05-14,9.37,9.48,9.37,9.43,3001800,28306974.0
2021-05-17,9.45,9.76,9.43,9.68,5978700,57873816.0
2021-05-18,9.72,9.74,9.5,9.58,3424600,32807668.0
2021-05-19,9.58,9.64,9.45,9.6,3057200,29349120.0
2021-05-20,9.64,10.23,9.5,10.11,11601200,117288132.0
2021-05-21,10.15,10.54,10.15,10.25,8395800,86056950.0
2021-05-24,10.28,10.32,10.17,10.23,4084100,41780343.0
2021-05-25,10.19,10.44,10.09,10.34,6739100,69682294.0
2021-05-26,10.38,10.62,10.38,10.54,8073500,85094690.0
2021-05-27,10.54,10.93,10.54,10.62,8960900,95164758.0
2021-05-28,10.73,11.05,10.6,11.01,7134000,78545340.0
2021-05-31,11.1,11.26,10.62,11.26,7093000,79867180.0
2021-06-01,11.36,11.48,11.28,11.32,4759200,53874144.0
2021-06-02,11.09,11.32,11.05,11.24,6563700,73775988.0
2021-06-03,11.32,12.02,11.32,12.02,12317900,148061158.0
2021-06-04,12.06,12.82,12.04,12.61,9274600,116952706.0
2021-06-07,12.49,12.8,11.9,12.39,9794300,121351377.0
2021-06-08,12.3,12.49,11.55,11.55,9945500,114870525.0
2021-06-09,11.51,12.14,11.32,11.96,9249700,110626412.00000001
2021-06-10,11.71,12.1,11.61,11.65,4065400,47361910.0
2021-06-11,11.79,12.45,11.61,12.31,9748200,120000342.0
2021-06-14,12.37,12.47,11.94,12.04,6209800,74765992.0
2021-06-15,12.04,12.08,11.75,11.75,4939000,58033250.0
2021-06-16,11.75,11.75,11.36,11.46,5633500,64559910.00000001
2021-06-17,11.24,11.71,11.24,11.69,3905100,45650619.0
2021-06-18,11.98,11.98,11.67,11.69,3327100,38893799.0
2021-06-21,11.51,11.67,11.44,11.46,3511100,40237206.0
2021-06-22,11.55,11.67,11.34,11.63,4261300,49558919.0
2021-06-23,11.67,11.79,11.53,11.61,2543700,29532357.0
2021-06-24,11.79,11.87,11.63,11.71,3796200,44453502.0
2021-06-25,11.71,11.75,11.63,11.75,1903100,22361425.0
2021-06-28,11.9,12.22,11.9,12.18,5852600,71284668.0
2021-06-29,12.45,12.45,12.02,12.12,4436000,53764320.0
2021-06-30,12.14,12.16,11.94,11.98,3046000,36491080.0
2021-07-01,12.02,12.1,11.79,12.06,3842500,46340550.0
2021-07-02,12.18,12.3,12.06,12.22,5499900,67208778.0
2021-07-05,12.18,12.41,12.12,12.39,6928400,85842876.0
2021-07-06,12.57,12.8,11.53,11.53,7493000,86394290.0
2021-07-07,11.79,11.96,11.32,11.94,4632000,55306080.0
2021-07-08,11.94,12.04,11.71,11.79,2507300,29561066.999999996
2021-07-09,11.63,11.83,11.4,11.49,3757400,43172526.0
2021-07-12,11.36,11.42,10.69,10.69,6316200,67520178.0
2021-07-13,10.89,10.93,10.52,10.73,2611200,28018176.0
2021-07-14,10.73,10.73,10.09,10.23,4938200,50517786.0
2021-07-15,10.19,10.69,10.15,10.69,2072500,22155025.0
2021-07-16,10.85,10.97,10.69,10.71,2194500,23503095.000000004
2021-07-19,10.4,10.5,10.15,10.32,4166200,42995184.0
2021-07-20,10.28,10.73,10.27,10.73,2475200,26558896.0
2021-07-21,10.93,10.93,10.69,10.85,3386000,36738100.0
2021-07-22,11.1,11.14,10.93,11.14,4288900,47778346.0
2021-07-23,11.07,11.16,10.93,11.05,3123800,34517990.0
2021-07-26,11.03,11.09,10.81,11.07,2455300,27180171.0
2021-07-27,11.18,11.22,11.1,11.16,2409400,26888904.0
2021-07-28,11.28,11.51,11.2,11.51,3836400,44156964.0
2021-07-29,12.24,12.31,11.79,11.87,8426200,100018994.0
2021-07-30,11.79,11.9,11.67,11.71,5599900,65574829.00000001
2021-08-02,11.71,12.1,11.71,11.86,4012100,47583506.0
2021-08-03,11.95,12.2,11.88,12.03,2730700,32850321.0
2021-08-04,12.05,12.15,11.95,12.03,2935900,35318877.0
2021-08-05,12.05,12.08,11.93,12.05,2547900,30702195.0
2021-08-06,12.1,12.1,11.95,11.95,2196800,26251760.0
2021-08-09,11.95,12.08,11.76,12.05,3790400,45674320.0
2021-08-10,12.2,12.34,12.12,12.3,6016800,74006640.0
2021-08-11,12.39,12.42,12.27,12.3,4103400,50471820.0
2021-08-12,12.2,12.32,12.05,12.05,2596600,31289030.0
2021-08-13,12.05,12.08,11.76,12.0,2642800,31713600.0
2021-08-16,12.05,12.3,11.9,12.25,3775100,46244975.0
2021-08-17,12.44,12.44,12.15,12.2,3520900,42954980.0
2021-08-18,12.17,12.25,12.12,12.2,2030800,24775760.0
2021-08-19,12.15,12.17,12.05,12.1,2207700,26713170.0
2021-08-20,12.05,12.08,11.29,11.61,4972300,57728403.0
2021-08-23,11.34,11.47,11.03,11.03,4397700,48506631.0
2021-08-24,11.03,11.17,10.86,11.17,1872200,20912474.0
2021-08-25,11.22,11.27,11.1,11.27,858000,9669660.0
2021-08-26,11.27,11.32,11.08,11.08,1099300,12180244.0
2021-08-27,10.98,10.98,10.83,10.98,1492000,16382160.0
2021-08-30,11.03,11.32,10.86,11.17,2528000,28237760.0
2021-08-31,11.32,11.32,10.98,11.05,1163400,12855570.0
2021-09-01,11.03,11.08,10.98,11.03,1050900,11591427.0
2021-09-06,11.22,11.22,10.95,11.03,2012600,22198978.0
2021-09-07,11.12,11.42,11.1,11.37,2934500,33365264.999999996
2021-09-08,11.47,11.47,11.2,11.2,1091300,12222560.0
2021-09-09,11.2,11.22,11.05,11.2,1344600,15059519.999999998
2021-09-10,11.22,11.37,11.12,11.12,1138700,12662344.0
2021-09-13,11.1,11.12,11.0,11.0,1223700,13460700.0
2021-09-14,10.95,11.03,10.9,10.9,1467500,15995750.0
2021-09-15,10.83,10.95,10.83,10.86,1062900,11543094.0
2021-09-16,10.93,11.12,10.88,10.93,661100,7225823.0
2021-09-17,10.98,11.17,10.98,11.15,1396400,15569860.0
2021-09-20,11.22,11.71,11.22,11.59,5161000,59815990.0
2021-09-21,11.47,11.93,11.34,11.88,5205000,61835400.00000001
2021-09-22,11.83,11.93,11.69,11.73,1981200,23239476.0
2021-09-23,11.69,12.1,11.47,11.86,3260700,38671902.0
2021-09-24,11.9,12.15,11.9,12.03,5176600,62274498.0
2021-09-27,12.03,12.1,11.59,11.59,2144500,24854755.0
2021-09-28,11.47,11.66,11.25,11.66,1686700,19666922.0
2021-09-29,11.66,11.71,11.44,11.61,1773300,20588013.0
2021-09-30,11.71,11.95,11.51,11.66,2307100,26900786.0
2021-10-01,11.71,11.76,11.22,11.29,2180900,24622361.0
2021-10-04,11.12,11.44,11.0,11.27,2716000,30609320.0
2021-10-05,11.17,11.59,11.15,11.47,1822900,20908663.0
2021-10-06,11.56,11.56,11.39,11.47,1574200,18056074.0
2021-10-07,11.49,11.56,11.39,11.51,1814000,20879140.0
2021-10-08,11.49,11.81,11.49,11.78,2863400,33730852.0
2021-10-11,11.78,12.08,11.78,12.05,4551400,54844370.0
2021-10-12,12.17,12.3,12.08,12.1,4289000,51896900.0
2021-10-13,12.2,12.2,12.0,12.0,2381100,28573200.0
2021-10-14,12.0,12.05,11.71,11.98,2762200,33091156.0
2021-10-15,12.1,12.66,11.98,12.54,9337500,117092249.99999999
2021-10-18,12.69,12.78,12.51,12.56,3167600,39785056.0
2021-10-19,12.44,12.64,12.34,12.44,3972000,49411680.0
2021-10-20,12.42,12.98,12.3,12.98,8304100,107787218.0
2021-10-21,13.17,13.51,13.12,13.34,7914700,105582098.0
2021-10-22,13.17,13.32,13.1,13.2,3852500,50853000.0
2021-10-25,13.08,13.37,13.08,13.17,5752000,75753840.0
2021-10-26,13.0,13.12,12.59,13.1,5886200,77109220.0
2021-10-27,13.1,13.37,12.69,13.22,5259600,69531912.0
2021-10-28,13.37,13.47,13.12,13.12,5167400,67796288.0
2021-10-29,13.17,13.22,12.93,12.98,4241100,55049478.0
2021-11-01,13.0,13.17,12.69,13.1,4271400,55955340.0
2021-11-02,13.17,13.17,12.95,13.15,4239200,55745480.0
2021-11-03,13.22,14.05,13.22,14.05,18373400,258146270.0
2021-11-04,14.05,14.12,13.86,13.91,5050900,70258019.0
2021-11-05,13.91,14.37,13.81,13.91,6450700,89729237.0
2021-11-08,13.73,14.03,13.51,13.91,7541000,104895310.0
2021-11-09,13.95,13.98,13.64,13.66,6199700,84687902.0
2021-11-10,13.66,13.71,13.32,13.32,8869600,118143072.0
2021-11-11,13.17,13.32,12.71,12.86,11191500,143922690.0
2021-11-12,12.86,13.2,12.83,13.12,4813400,63151807.99999999
2021-11-15,13.32,13.32,12.93,12.98,5516600,71605468.0
2021-11-16,13.0,13.27,12.86,13.0,3422300,44489900.0
2021-11-17,13.0,13.03,12.83,12.91,3322900,42898639.0
2021-11-18,12.86,13.08,12.76,12.83,4970000,63765100.0
2021-11-19,12.86,13.32,12.69,12.98,7826700,101590566.0
2021-11-22,13.03,13.73,13.03,13.34,9321400,124347476.0
2021-11-23,13.56,13.83,13.3,13.66,8487000,115932420.0
2021-11-24,13.66,14.61,13.66,14.61,17815100,260278611.0
2021-11-25,14.93,15.47,14.71,14.88,9738900,144914832.0
2021-11-26,14.78,15.27,14.56,14.83,8216900,121856627.0
2021-11-29,14.54,14.66,14.05,14.39,6668800,95964032.0
2021-11-30,14.64,14.64,13.42,13.61,13930900,189599549.0
2021-12-01,13.56,13.91,13.17,13.88,6571300,91209644.0
2021-12-02,13.88,14.25,13.86,13.91,3353200,46643012.0
2021-12-03,13.91,13.95,13.42,13.42,4676000,62751920.0
2021-12-06,13.22,13.44,12.49,12.69,8211500,104203935.0
2021-12-07,12.93,13.17,12.64,13.08,3406100,44551788.0
2021-12-08,13.12,13.54,12.91,13.27,4965600,65893512.0
2021-12-09,13.12,13.34,13.03,13.34,1865100,24880434.0
2021-12-10,13.32,13.54,13.17,13.2,2640600,34855920.0
2021-12-13,13.22,13.27,13.1,13.15,3762500,49476875.0
2021-12-14,13.12,13.3,12.93,12.98,3712800,48192144.0
2021-12-15,13.03,13.34,13.0,13.15,2785800,36633270.0
2021-12-16,13.22,13.27,12.95,13.17,2155400,28386618.0
2021-12-17,13.15,13.17,13.03,13.08,2553200,33395856.0
2021-12-20,13.08,13.12,12.83,12.98,3388000,43976240.0
2021-12-21,12.98,13.0,12.76,12.81,3648400,46736004.0
2021-12-22,12.81,12.98,12.51,12.51,4836800,60508368.0
2021-12-23,12.51,12.54,11.95,12.05,6443100,77639355.0
2021-12-24,12.05,12.69,12.05,12.64,3162900,39979056.0
2021-12-27,12.73,12.78,12.49,12.61,1342700,16931447.0
2021-12-28,12.69,12.88,12.44,12.83,3195300,40995699.0
2021-12-29,12.93,13.17,12.83,12.93,2737600,35397168.0
2021-12-30,13.05,13.05,12.81,12.98,1709600,22190608.0
2021-12-31,13.08,13.66,13.08,13.32,6445800,85858056.0
2022-01-04,13.44,14.0,13.32,13.64,4753300,64835012.0
2022-01-05,13.64,13.64,13.39,13.42,3331700,44711414.0
2022-01-06,13.22,13.42,13.12,13.17,3919800,51623766.0
2022-01-07,13.17,13.37,13.08,13.12,2941100,38587232.0
2022-01-10,13.17,13.17,12.73,12.73,3700200,47103546.0
2022-01-11,12.73,13.05,12.64,12.69,1957600,24841944.0
2022-01-12,12.78,13.22,12.49,13.17,3592800,47317176.0
2022-01-13,13.37,13.66,13.08,13.12,4722900,61964448.0
2022-01-14,13.0,13.17,12.88,13.0,1791800,23293400.0
2022-01-17,12.98,13.15,12.44,12.44,2984000,37120960.0
2022-01-18,12.44,12.83,12.2,12.47,2434000,30351980.0
2022-01-19,12.64,12.69,12.47,12.54,1025100,12854754.0
2022-01-20,12.54,12.76,12.37,12.61,1558600,19653946.0
2022-01-21,12.73,13.25,12.61,13.03,3401600,44322848.0
2022-01-24,13.03,13.37,12.83,12.88,3392300,43692824.0
2022-01-25,12.83,13.27,12.73,13.27,3849100,51077557.0
2022-01-26,13.51,13.78,13.42,13.66,7917300,108150318.0
2022-01-27,13.76,13.76,13.34,13.42,3646000,48929320.0
2022-01-28,13.51,13.73,13.27,13.49,3382700,45632623.0
2022-02-07,13.66,13.66,13.42,13.54,3201000,43341540.0
2022-02-08,13.56,14.15,13.49,14.05,8271800,116218790.0
2022-02-09,14.15,14.2,13.86,13.91,4359400,60639254.0
2022-02-10,13.81,14.05,13.76,13.86,3219600,44623656.0
2022-02-11,13.86,14.12,13.83,13.95,3644200,50836590.0
2022-02-14,13.76,13.88,13.17,13.17,5215200,68684184.0
2022-02-15,13.17,13.37,13.08,13.3,2677600,35612080.0
2022-02-16,13.42,13.42,13.17,13.3,2060400,27403320.0
2022-02-17,13.37,13.42,13.27,13.32,1685700,22453524.0
2022-02-18,13.3,13.39,13.22,13.32,2599200,34621344.0
2022-02-21,13.3,13.39,13.08,13.37,3067600,41013812.0
2022-02-22,13.27,13.61,13.2,13.47,2376200,32007414.0
2022-02-23,13.56,13.61,13.34,13.39,2326100,31146479.0
2022-02-24,13.39,13.44,12.78,13.1,4355000,57050500.0
2022-02-25,13.15,13.39,13.1,13.12,2209300,28986016.0
2022-02-28,13.15,13.15,12.95,12.95,2355500,30503725.0
2022-03-01,12.95,13.03,12.86,12.93,2650000,34264500.0
2022-03-02,12.88,12.93,12.66,12.69,4398800,55820772.0
2022-03-03,12.76,12.88,12.64,12.78,2624800,33544944.0
2022-03-04,12.78,12.93,12.78,12.91,1334100,17223231.0
2022-03-07,12.73,12.78,12.66,12.71,3113800,39576398.0
2022-03-08,12.64,12.86,12.64,12.64,2846800,35983552.0
2022-03-09,12.64,12.71,12.49,12.56,1593600,20015616.0
2022-03-10,12.83,12.83,12.61,12.61,1314300,16573323.0
2022-03-11,12.61,12.69,12.54,12.69,1341100,17018559.0
2022-03-14,12.61,12.69,12.44,12.49,1551500,19378235.0
2022-03-15,12.54,12.64,12.49,12.56,856200,10753872.0
2022-03-16,12.64,12.78,12.61,12.71,1191800,15147778.000000002
2022-03-17,12.83,12.83,12.71,12.73,1035000,13175550.0
2022-03-18,12.76,12.78,12.66,12.73,1055100,13431423.0
2022-03-21,12.73,12.76,12.64,12.71,1270500,16148055.000000002
2022-03-22,12.73,12.93,12.71,12.88,1911900,24625272.0
2022-03-23,12.98,12.98,12.81,12.83,1175200,15077816.0
2022-03-24,12.93,12.95,12.81,12.91,1893100,24439921.0
2022-03-25,12.86,12.93,12.73,12.76,1391100,17750436.0
2022-03-28,12.66,12.78,12.49,12.54,2022800,25365912.0
2022-03-29,12.47,12.61,12.47,12.56,2330700,29273592.0
2022-03-30,12.2,12.56,12.2,12.37,3408200,42159434.0
2022-03-31,12.44,12.51,12.34,12.39,780600,9671634.0
2022-04-01,12.34,12.56,12.25,12.54,1226500,15380309.999999998
2022-04-04,12.73,12.83,12.73,12.78,2744200,35070876.0
2022-04-05,12.81,12.81,12.59,12.69,1239000,15722910.0
2022-04-06,12.59,12.78,12.59,12.73,1645900,20952307.0
2022-04-07,12.78,13.03,12.69,12.71,2733200,34738972.0
2022-04-08,12.71,12.78,12.49,12.59,1121000,14113390.0
2022-04-12,12.59,12.66,12.3,12.3,1892900,23282670.0
2022-04-13,12.42,12.42,12.25,12.39,1468000,18188520.0
2022-04-14,12.44,12.78,12.39,12.54,1758300,22049082.0
2022-04-15,12.51,12.78,12.47,12.49,1903500,23774715.0
2022-04-18,12.49,12.54,11.71,11.95,2393400,28601130.0
2022-04-19,12.15,12.22,11.71,11.76,1573100,18499656.0
2022-04-20,11.78,11.98,11.32,11.32,2356400,26674448.0
2022-04-21,11.32,11.47,10.81,11.47,4753700,54524939.0
2022-04-22,11.44,11.73,11.15,11.71,4143400,48519214.0
2022-04-25,11.66,11.66,10.9,10.9,2793400,30448060.0
2022-04-26,10.73,11.17,10.34,11.1,1541500,17110650.0
2022-04-27,10.98,11.17,10.81,11.03,959800,10586594.0
2022-04-28,10.9,11.22,10.83,11.22,1668800,18723936.0
2022-04-29,10.98,11.66,10.98,11.66,3929300,45815638.0
2022-05-04,11.32,11.39,11.22,11.25,1213700,13654125.0
2022-05-05,11.32,11.54,10.83,11.54,1354400,15629775.999999998
2022-05-06,11.17,11.22,10.83,10.83,894300,9685269.0
2022-05-09,10.73,10.86,10.08,10.08,2280100,22983408.0
2022-05-10,9.39,9.83,9.39,9.66,1508800,14575008.0
2022-05-11,9.81,9.83,9.56,9.71,1158900,11252919.000000002
2022-05-12,9.71,9.71,9.05,9.05,2297200,20789660.0
2022-05-13,9.05,9.05,8.44,8.44,4026500,33983660.0
2022-05-16,8.51,8.83,8.39,8.44,2012500,16985500.0
2022-05-17,8.39,9.03,8.29,9.03,1505500,13594664.999999998
2022-05-18,9.15,9.51,9.03,9.25,1637800,15149650.0
2022-05-19,8.78,9.86,8.78,9.86,2787500,27484750.0
2022-05-20,9.83,9.95,9.71,9.9,1714800,16976520.0
2022-05-23,9.95,10.0,9.51,9.76,1227300,11978448.0
2022-05-24,9.76,9.81,9.42,9.81,1238400,12148704.0
2022-05-25,9.95,9.98,9.73,9.95,1654300,16460284.999999998
2022-05-26,9.95,10.0,9.68,9.83,1448200,14235806.0
2022-05-27,9.81,9.9,9.76,9.9,1526900,15116310.0
2022-05-30,10.0,10.0,9.78,9.93,1223100,12145383.0
2022-05-31,9.9,9.9,9.71,9.71,1250500,12142355.000000002
2022-06-01,9.78,9.88,9.71,9.76,1081000,10550560.0
2022-06-02,9.76,9.9,9.56,9.61,1012500,9730125.0
2022-06-03,9.64,9.68,9.49,9.51,840500,7993155.0
2022-06-06,9.49,9.56,9.39,9.39,1168100,10968459.0
2022-06-07,9.39,9.42,8.88,9.32,1337800,12468296.0
2022-06-08,9.22,9.68,9.22,9.56,1364300,13042708.0
2022-06-09,9.56,9.64,9.37,9.54,689300,6575921.999999999
2022-06-10,9.44,9.49,9.2,9.22,1105500,10192710.0
2022-06-13,9.03,9.07,8.59,8.59,2469100,21209569.0
2022-06-14,8.34,8.71,8.34,8.51,1068200,9090382.0
2022-06-15,8.49,8.59,8.05,8.29,1959800,16246741.999999998
2022-06-16,8.42,8.49,8.2,8.25,930900,7679925.0
2022-06-17,8.05,8.1,7.71,7.88,2727700,21494276.0
2022-06-20,7.71,7.9,7.56,7.88,2323600,18309968.0
2022-06-21,7.88,7.95,7.71,7.86,838500,6590610.0
2022-06-22,7.95,8.2,7.78,8.05,1135700,9142385.0
2022-06-23,8.05,8.2,7.95,8.2,824200,6758439.999999999
2022-06-24,8.2,8.34,7.98,8.1,1243500,10072350.0
2022-06-27,8.15,8.22,8.05,8.1,651100,5273910.0
2022-06-28,8.15,8.47,8.15,8.44,1944300,16409891.999999998
2022-06-29,8.25,8.64,8.25,8.51,1006200,8562762.0
2022-06-30,8.51,8.68,8.2,8.2,1145700,9394740.0
2022-07-01,8.12,8.32,7.98,8.32,1159300,9645376.0
2022-07-04,8.34,8.44,8.27,8.32,674900,5615168.0
2022-07-05,8.37,8.44,8.2,8.34,1226300,10227342.0
2022-07-06,8.12,8.29,8.07,8.07,546200,4407834.0
2022-07-07,8.07,8.17,8.0,8.1,649300,5259330.0
2022-07-08,8.25,8.25,8.05,8.05,1018600,8199730.000000001
2022-07-11,8.05,8.27,8.05,8.17,1639300,13393081.0
2022-07-12,8.25,8.44,8.25,8.34,1242500,10362450.0
2022-07-13,8.34,8.73,8.34,8.66,1806500,15644290.0
2022-07-14,8.54,8.66,8.51,8.66,729600,6318336.0
2022-07-15,8.64,8.66,8.49,8.51,1038300,8835933.0
2022-07-18,8.59,8.66,8.44,8.49,1075500,9130995.0
2022-07-19,8.47,8.49,8.34,8.42,648700,5462054.0
2022-07-20,8.51,8.64,8.47,8.54,1104000,9428159.999999998
2022-07-21,8.54,8.68,8.44,8.51,1086200,9243562.0
2022-07-22,8.51,8.64,8.49,8.59,1145900,9843281.0
2022-07-25,8.56,8.64,8.49,8.59,689900,5926241.0
2022-07-26,8.59,8.59,8.51,8.54,570000,4867799.999999999
2022-07-27,8.51,8.56,8.42,8.56,927200,7936832.0
2022-07-28,8.66,8.83,8.56,8.73,3321300,28994949.0
2022-07-29,8.86,8.88,8.68,8.86,1802100,15966605.999999998
2022-08-01,8.73,8.9,8.71,8.83,2825000,24944750.0
2022-08-02,8.83,8.9,8.78,8.83,1682200,14853826.0
2022-08-03,8.83,8.88,8.73,8.86,2527000,22389220.0
2022-08-04,8.88,9.0,8.86,8.86,2332700,20667722.0
2022-08-05,8.86,8.86,8.76,8.76,1693500,14835060.0
2022-08-08,8.81,8.86,8.73,8.86,1513600,13410496.0
2022-08-09,8.88,8.98,8.81,8.83,1469300,12973919.0
2022-08-10,8.78,8.88,8.78,8.83,1649700,14566851.0
2022-08-11,8.93,8.95,8.76,8.81,2298900,20253309.0
2022-08-12,8.83,8.83,8.71,8.81,1035300,9120993.0
2022-08-15,8.83,9.0,8.83,8.98,2830500,25417890.0
2022-08-16,8.98,8.98,8.83,8.9,1540500,13710450.0
2022-08-17,8.9,8.93,8.83,8.88,1381200,12265056.000000002
2022-08-18,8.83,8.86,8.73,8.76,1311800,11491368.0
2022-08-19,8.83,8.83,8.71,8.76,1316700,11534292.0
2022-08-22,8.73,8.78,8.51,8.51,2019500,17185945.0
2022-08-23,8.47,8.61,8.44,8.59,984500,8456855.0
2022-08-24,8.61,8.68,8.61,8.64,970800,8387712.000000001
2022-08-25,8.68,8.78,8.64,8.73,1611300,14066649.0
2022-08-26,8.81,8.88,8.68,8.73,1577100,13768083.0
2022-08-29,8.59,8.68,8.44,8.59,1385000,11897150.0
2022-08-30,8.71,8.71,8.51,8.54,946100,8079693.999999999
2022-08-31,8.54,8.68,8.51,8.61,708200,6097602.0
2022-09-05,8.64,8.71,8.54,8.56,761000,6514160.0
2022-09-06,8.59,8.71,8.54,8.59,1038200,8918138.0
2022-09-07,8.61,8.64,8.34,8.34,1727200,14404848.0
2022-09-08,8.37,8.44,8.27,8.27,1259700,10417719.0
2022-09-09,8.29,8.32,8.15,8.32,753100,6265792.0
2022-09-12,8.37,8.39,8.29,8.32,537741,4474005.12
2022-09-13,8.32,8.37,8.32,8.34,1466719,12232436.459999999
2022-09-14,8.25,8.29,8.17,8.29,935861,7758287.6899999995
2022-09-15,8.29,8.34,8.25,8.25,972488,8023026.0
2022-09-16,8.25,8.25,8.1,8.15,1254893,10227377.950000001
2022-09-19,8.12,8.12,7.88,7.9,1343233,10611540.700000001
2022-09-20,7.95,8.05,7.88,8.03,673228,5406020.84
2022-09-21,8.0,8.0,7.88,7.9,505177,3990898.3000000003
2022-09-22,7.86,8.1,7.83,7.86,3034235,23849087.1
2022-09-23,7.95,8.0,7.88,7.98,437923,3494625.54
2022-09-26,7.9,7.9,7.61,7.68,1378758,10588861.44
2022-09-27,7.68,7.76,7.61,7.68,495502,3805455.36
2022-09-28,7.68,7.71,7.61,7.61,532114,4049387.54
2022-09-29,7.64,7.78,7.46,7.46,700762,5227684.52
2022-09-30,7.37,7.46,7.22,7.46,966611,7210918.06
2022-10-03,7.42,7.51,6.95,7.0,844305,5910135.0
2022-10-04,7.03,7.12,6.86,6.88,823363,5664737.4399999995
2022-10-05,6.9,7.07,6.9,7.03,472805,3323819.15
2022-10-06,7.1,7.1,6.54,6.64,1051728,6983473.92
2022-10-07,6.46,6.54,6.17,6.2,2812609,17438175.8
2022-10-10,6.12,6.2,5.9,6.2,2309100,14316420.0
2022-10-11,6.1,6.1,5.78,6.0,2328283,13969698.0
2022-10-12,5.85,6.29,5.76,6.25,1847984,11549900.0
2022-10-13,6.25,6.29,6.07,6.29,961720,6049218.8
2022-10-14,6.39,6.49,6.29,6.49,1336519,8674008.31
2022-10-17,6.49,6.54,6.32,6.54,1084885,7095147.9
2022-10-18,6.61,6.64,6.51,6.59,888926,5858022.34
2022-10-19,6.49,6.61,6.49,6.59,712146,4693042.14
2022-10-20,6.59,6.64,6.49,6.61,606440,4008568.4000000004
2022-10-21,6.59,6.59,6.2,6.54,1077483,7046738.82
2022-10-24,6.39,6.51,6.22,6.44,885732,5704114.08
2022-10-25,6.34,6.59,6.05,6.46,1319868,8526347.28
2022-10-26,6.34,6.46,6.29,6.29,330568,2079272.72
2022-10-27,6.29,6.59,6.27,6.56,944686,6197140.159999999
2022-10-28,6.54,6.61,6.44,6.44,684505,4408212.2
2022-10-31,6.44,6.59,6.34,6.44,751685,4840851.4
2022-11-01,6.49,6.88,6.46,6.88,2525760,17377228.8
2022-11-02,6.78,7.1,6.78,6.95,1296192,9008534.4
2022-11-03,6.83,7.07,6.73,6.73,1753481,11800927.13
2022-11-04,6.73,6.86,6.44,6.76,3861946,26106754.96
2022-11-07,6.73,6.76,6.46,6.54,1196469,7824907.26
2022-11-08,6.49,6.68,6.49,6.59,1426034,9397564.06
2022-11-09,6.54,6.71,6.54,6.61,602280,3981070.8000000003
2022-11-10,6.59,6.64,6.25,6.34,1836479,11643276.86
2022-11-11,6.42,6.66,6.39,6.49,1529183,9924397.67
2022-11-14,6.39,6.56,6.27,6.39,1171774,7487635.859999999
2022-11-15,6.34,6.39,6.22,6.39,3391393,21671001.27
2022-11-16,6.34,6.73,6.25,6.73,3521078,23696854.94
2022-11-17,6.73,7.07,6.73,7.07,1869497,13217343.790000001
2022-11-18,7.05,7.07,6.88,7.0,1494402,10460814.0
2022-11-21,7.07,7.07,6.88,7.0,969607,6787249.0
2022-11-22,7.0,7.29,6.93,7.1,1624730,11535583.0
2022-11-23,6.98,7.32,6.98,7.22,1407949,10165391.78
2022-11-24,7.12,7.32,7.12,7.32,1299576,9512896.32
2022-11-25,7.39,7.42,7.32,7.39,895616,6618602.239999999
2022-11-28,7.54,7.54,7.34,7.46,1609197,12004609.62
2022-11-29,7.37,7.46,7.05,7.39,1924576,14222616.639999999
2022-11-30,7.39,7.46,7.34,7.46,1231118,9184140.28
2022-12-01,7.49,7.68,7.44,7.51,1588877,11932466.27
2022-12-02,7.37,7.68,7.37,7.68,933988,7173027.84
2022-12-05,7.76,7.95,7.68,7.81,1468515,11469102.149999999
2022-12-06,7.86,7.86,7.59,7.78,1722737,13402893.860000001
2022-12-07,7.71,7.73,7.54,7.73,1409502,10895450.46
2022-12-08,7.71,7.95,7.56,7.95,1365147,10852918.65
2022-12-09,7.9,7.9,7.71,7.9,832649,6577927.100000001
2022-12-12,7.81,7.95,7.66,7.86,755682,5939660.5200000005
2022-12-13,7.88,7.9,7.71,7.9,1051703,8308453.7
2022-12-14,7.9,7.93,7.76,7.76,329438,2556438.88
2022-12-15,7.68,7.81,7.66,7.68,359564,2761451.52
2022-12-16,7.64,7.78,7.61,7.68,470395,3612633.6
2022-12-19,7.76,7.78,7.64,7.64,510208,3897989.1199999996
2022-12-20,7.64,7.66,7.25,7.66,1285358,9845842.28
2022-12-21,7.64,7.66,7.37,7.54,546699,4122110.46
2022-12-22,7.54,7.76,7.42,7.76,1243636,9650615.36
2022-12-23,7.73,7.9,7.54,7.9,1110250,8770975.0
2022-12-26,7.78,7.86,7.56,7.76,1017818,7898267.68
2022-12-27,7.71,8.2,7.66,8.2,2013124,16507616.799999999
2022-12-28,8.15,8.68,8.0,8.68,2333072,20251064.96
2022-12-29,8.54,8.76,8.42,8.76,1609439,14098685.639999999
2022-12-30,8.68,8.78,8.54,8.78,2273106,19957870.68
2023-01-03,8.54,8.83,8.54,8.81,1423751,12543246.31
2023-01-04,8.64,8.78,8.61,8.78,637978,5601446.84
2023-01-05,8.61,8.73,8.59,8.68,822508,7139369.4399999995
2023-01-06,8.68,8.78,8.61,8.73,787267,6872840.91
2023-01-09,8.73,8.78,8.66,8.73,646286,5642076.78
2023-01-10,8.73,8.73,8.59,8.68,250922,2178002.96
2023-01-11,8.71,8.73,8.61,8.73,741418,6472579.140000001
2023-01-12,8.68,8.71,8.59,8.61,336910,2900795.0999999996
2023-01-13,8.66,8.66,8.47,8.47,660188,5591792.36
2023-01-16,8.44,8.51,8.25,8.49,804935,6833898.15
2023-01-17,8.56,8.68,8.44,8.68,789932,6856609.76
2023-01-18,8.76,8.76,8.61,8.64,420537,3633439.68
2023-01-19,8.64,8.71,8.59,8.68,434441,3770947.88
2023-01-27,8.73,9.27,8.73,9.12,2064657,18829671.84
2023-01-30,9.12,9.2,9.05,9.05,532535,4819441.75
2023-01-31,9.05,9.17,8.93,9.17,1022213,9373693.209999999
2023-02-01,9.12,9.17,8.78,8.83,1050126,9272612.58
2023-02-02,8.78,9.17,8.54,9.17,1327956,12177356.52
2023-02-03,9.1,9.47,8.93,9.47,3002335,28432112.450000003
2023-02-06,9.34,9.47,9.07,9.47,1427578,13519163.66
2023-02-07,9.2,9.37,9.07,9.07,761606,6907766.42
2023-02-08,9.15,9.15,8.68,8.83,532185,4699193.55
2023-02-09,8.83,9.03,8.76,9.03,373627,3373851.8099999996
2023-02-10,8.81,9.0,8.68,8.83,431230,3807760.9
2023-02-13,8.49,8.76,8.22,8.22,830479,6826537.380000001
2023-02-14,8.2,8.47,8.15,8.47,396916,3361878.5200000005
2023-02-15,8.2,8.47,8.2,8.39,231083,1938786.37
2023-02-16,8.42,8.44,8.29,8.34,119880,999799.2
2023-02-17,8.37,8.42,8.27,8.42,318556,2682241.52
2023-02-20,8.32,8.66,8.32,8.61,505358,4351132.38
2023-02-21,8.64,8.73,8.49,8.49,437461,3714043.89
2023-02-22,8.29,8.59,8.25,8.25,509597,4204175.25
2023-02-23,8.34,8.51,8.05,8.47,765246,6481633.62
2023-02-24,8.29,8.42,8.2,8.22,357621,2939644.62
2023-02-27,8.25,8.25,7.9,7.98,324609,2590379.8200000003
2023-02-28,7.98,8.0,7.93,7.93,375017,2973884.81
2023-03-01,7.78,7.9,7.76,7.83,705727,5525842.41
2023-03-02,7.9,7.9,7.68,7.9,549507,4341105.3
2023-03-03,7.9,7.93,7.71,7.86,368406,2895671.16
2023-03-06,7.86,8.0,7.81,7.81,305984,2389735.04
2023-03-07,7.76,7.86,7.76,7.81,356547,2784632.07
2023-03-08,7.81,7.86,7.68,7.83,309568,2423917.44
2023-03-09,7.86,8.07,7.78,8.03,617053,4954935.59
2023-03-10,8.0,8.03,7.88,7.9,261477,2065668.3
2023-03-13,7.81,7.86,7.76,7.76,361776,2807381.76
2023-03-14,7.76,7.76,7.56,7.56,487592,3686195.52
2023-03-15,7.71,7.81,7.66,7.81,432001,3373927.81
2023-03-16,7.59,7.68,7.56,7.64,394043,3010488.52
2023-03-17,7.68,7.71,7.59,7.61,134435,1023050.3500000001
2023-03-20,7.61,7.61,7.49,7.49,404872,3032491.2800000003
2023-03-21,7.59,7.59,7.44,7.51,242331,1819905.81
2023-03-22,7.54,7.59,7.51,7.51,80791,606740.41
2023-03-23,7.49,7.64,7.44,7.61,138824,1056450.6400000001
2023-03-24,7.61,7.76,7.61,7.71,333037,2567715.27
2023-03-27,7.71,7.76,7.66,7.68,211039,1620779.52
2023-03-28,7.76,7.76,7.68,7.71,255262,1968070.02
2023-03-29,7.76,7.95,7.71,7.93,710274,5632472.819999999
2023-03-30,7.95,8.05,7.9,7.9,322098,2544574.2
2023-03-31,7.95,8.17,7.9,8.1,817714,6623483.399999999
2023-04-03,8.15,8.22,8.1,8.2,757512,6211598.399999999
2023-04-04,8.2,8.22,8.05,8.17,453268,3703199.56
2023-04-05,8.12,8.22,8.1,8.17,534202,4364430.34
2023-04-06,8.17,8.2,8.0,8.0,520600,4164800.0
2023-04-07,8.07,8.29,8.07,8.25,972420,8022465.0
2023-04-10,8.39,8.44,8.22,8.25,1010483,8336484.75
2023-04-11,8.29,8.29,8.07,8.25,717359,5918211.75
2023-04-12,8.2,8.29,8.1,8.1,563001,4560308.1
2023-04-13,8.15,8.15,8.05,8.1,598005,4843840.5
2023-04-14,8.1,8.17,8.05,8.05,1071406,8624818.3
2023-04-17,8.0,8.05,7.98,8.0,473587,3788696.0
2023-04-18,8.0,8.15,8.0,8.03,317351,2548328.53
2023-04-19,8.0,8.05,7.9,7.9,509652,4026250.8000000003
2023-04-20,7.9,8.0,7.88,8.0,365436,2923488.0
2023-04-21,8.0,8.0,7.88,7.95,277780,2208351.0
2023-04-24,7.86,7.95,7.86,7.93,361426,2866108.1799999997
2023-04-25,7.93,8.03,7.83,7.88,451679,3559230.52
2023-04-26,7.88,7.88,7.73,7.81,554714,4332316.34
2023-04-27,7.83,7.9,7.81,7.83,413100,3234573.0
2023-04-28,7.93,7.93,7.64,7.64,1523445,11639119.799999999
2023-05-04,7.66,7.86,7.64,7.68,800748,6149744.64
2023-05-05,7.66,7.81,7.66,7.68,334043,2565450.2399999998
2023-05-08,7.71,7.78,7.68,7.78,467317,3635726.2600000002
2023-05-09,7.81,7.83,7.71,7.73,450428,3481808.4400000004
2023-05-10,7.73,7.93,7.73,7.93,1031017,8175964.81
2023-05-11,8.07,8.12,8.0,8.05,2014407,16215976.350000001
2023-05-12,8.1,8.1,7.95,8.05,1339138,10780060.9
2023-05-15,8.1,8.54,8.1,8.29,3820680,31673437.199999996
2023-05-16,8.27,8.44,8.27,8.32,1354414,11268724.48
2023-05-17,8.34,8.39,8.22,8.29,1172153,9717148.37
2023-05-18,8.37,8.37,8.27,8.29,870901,7219769.289999999
2023-05-19,8.34,8.34,8.22,8.29,682240,5655769.6
2023-05-22,8.29,8.42,8.29,8.39,1014807,8514230.73
2023-05-23,8.39,8.39,8.29,8.29,810531,6719301.989999999
2023-05-24,8.29,8.34,8.22,8.22,730726,6006567.720000001
2023-05-25,8.22,8.25,8.15,8.15,582635,4748475.25
2023-05-26,8.17,8.2,8.12,8.2,420614,3449034.8
2023-05-29,8.2,8.29,8.2,8.27,486292,4021634.84
2023-05-30,8.37,8.37,8.25,8.29,758781,6290294.489999999
2023-05-31,8.29,8.34,8.25,8.27,985975,8154013.25
2023-06-01,8.29,8.81,8.25,8.78,2831719,24862492.819999997
2023-06-02,8.9,9.12,8.81,9.0,3289436,29604924.0
2023-06-05,9.15,9.15,8.78,8.83,2808419,24798339.77
2023-06-06,8.86,9.1,8.83,9.1,1937951,17635354.099999998
2023-06-07,9.1,9.12,8.95,9.0,1747210,15724890.0
2023-06-08,9.03,9.1,8.93,8.93,1757293,15692626.49
2023-06-09,8.93,9.03,8.86,9.03,1471714,13289577.42
2023-06-12,9.03,9.05,8.9,9.0,1095430,9858870.0
2023-06-13,9.03,9.03,8.93,8.98,909778,8169806.44
2023-06-14,8.98,9.27,8.98,9.05,1649414,14927196.700000001
2023-06-15,8.98,9.07,8.95,9.0,592149,5329341.0
2023-06-16,9.0,9.15,9.0,9.0,2160855,19447695.0
2023-06-19,9.07,9.07,8.95,8.95,832520,7451053.999999999
2023-06-20,8.95,8.98,8.88,8.93,843806,7535187.58
2023-06-21,8.93,8.98,8.88,8.93,743577,6640142.609999999
2023-06-22,8.98,9.07,8.95,9.05,1684286,15242788.3
2023-06-23,9.05,9.2,9.05,9.07,1227742,11135619.94
2023-06-26,9.15,9.17,8.98,9.17,1464148,13426237.16
2023-06-27,9.17,9.27,9.12,9.12,753664,6873415.68
2023-06-28,9.12,9.15,9.0,9.03,2036468,18389306.04
2023-06-29,9.03,9.05,8.95,8.95,734629,6574929.55
2023-06-30,8.95,9.0,8.93,8.93,711666,6355177.38
2023-07-03,8.93,8.98,8.86,8.95,810941,7257921.949999999
2023-07-04,9.03,9.03,8.93,8.98,281110,2524367.8000000003
2023-07-05,8.98,9.05,8.88,8.88,1600907,14216054.160000002
2023-07-06,8.93,8.93,8.81,8.81,840323,7403245.630000001
2023-07-07,8.81,8.86,8.73,8.83,1437721,12695076.43
2023-07-10,8.83,8.98,8.81,8.95,1666565,14915756.749999998
2023-07-11,8.95,9.05,8.93,8.98,1194904,10730237.92
2023-07-12,9.0,9.03,8.9,8.98,618902,5557739.96
2023-07-13,9.03,9.03,8.98,9.03,1011392,9132869.76
2023-07-14,9.05,9.1,8.73,8.88,2833400,25160592.000000004
2023-07-17,8.88,8.93,8.83,8.9,845258,7522796.2
2023-07-18,8.9,8.95,8.88,8.95,783098,7008727.1
2023-07-19,9.0,9.0,8.88,8.88,956394,8492778.72
2023-07-20,8.9,8.9,8.78,8.83,1237118,10923751.94
2023-07-21,8.86,8.93,8.83,8.93,660148,5895121.64
2023-07-24,9.0,9.03,8.93,8.98,1311417,11776524.66
2023-07-25,8.98,9.37,8.98,9.29,4337613,40296424.769999996
2023-07-26,9.32,9.34,9.17,9.22,1332334,12284119.48
2023-07-27,9.27,9.27,9.07,9.12,1844157,16818711.84
2023-07-28,9.17,9.22,9.1,9.2,2194301,20187569.2
2023-07-31,9.37,9.49,9.29,9.32,3963730,36941963.6
2023-08-01,9.34,9.44,9.25,9.25,2630106,24328480.5
2023-08-02,9.25,9.47,9.2,9.32,1972112,18380083.84
2023-08-03,9.37,9.37,9.17,9.17,1654419,15171022.23
2023-08-04,9.2,9.22,9.05,9.05,4006950,36262897.5
2023-08-07,9.17,9.39,9.15,9.29,2227794,20696206.259999998
2023-08-08,9.37,9.54,9.37,9.39,3929099,36894239.61
2023-08-09,9.42,9.44,9.34,9.37,1590364,14901710.679999998
2023-08-10,9.39,9.71,9.34,9.54,4318503,41198518.62
2023-08-11,9.56,9.66,9.47,9.66,2284200,22065372.0
2023-08-14,9.66,9.83,9.66,9.73,2015336,19609219.28
2023-08-15,9.81,9.83,9.49,9.54,2190773,20899974.419999998
2023-08-16,9.51,9.64,9.47,9.56,2108491,20157173.96
2023-08-17,9.51,9.59,9.47,9.47,1478470,14001110.9
2023-08-18,9.42,9.42,8.83,8.88,3943799,35020935.120000005
2023-08-21,8.88,8.98,8.68,8.93,1134872,10134406.959999999
2023-08-22,9.03,9.03,8.73,8.95,1077005,9639194.75
2023-08-23,9.0,9.1,8.93,8.95,763122,6829941.899999999
2023-08-24,9.03,9.03,8.93,9.03,587274,5303084.22
2023-08-25,9.03,9.05,8.95,8.98,921909,8278742.82
2023-08-28,8.98,9.07,8.9,9.07,1187159,10767532.13
2023-08-29,9.07,9.2,9.07,9.15,965352,8832970.8
2023-08-30,9.2,9.42,9.15,9.42,2123177,20000327.34
2023-08-31,9.49,9.61,9.39,9.56,2288382,21876931.92
2023-09-05,9.61,9.95,9.61,9.76,4501360,43933273.6
2023-09-06,9.78,10.25,9.78,10.1,6782372,68501957.2
2023-09-07,10.25,10.39,10.2,10.34,4847314,50121226.76
2023-09-08,10.39,10.47,10.27,10.39,2403805,24975533.950000003
2023-09-11,10.76,10.98,10.66,10.69,7362700,78707263.0
2023-09-12,10.73,10.73,10.54,10.73,3870541,41530904.93
2023-09-13,10.83,10.98,10.64,10.73,3419112,36687071.76
2023-09-14,10.73,10.81,10.59,10.64,3351588,35660896.32
2023-09-15,10.73,10.73,10.51,10.59,2114958,22397405.22
2023-09-18,10.69,10.69,10.39,10.39,4639218,48201475.02
2023-09-19,10.39,10.49,10.15,10.2,5772544,58879948.8
2023-09-20,10.57,10.61,10.39,10.61,3456442,36672849.62
2023-09-21,10.61,10.76,10.54,10.76,3995733,42994087.08
2023-09-22,10.61,10.68,10.21,10.39,3129553,32516055.67
2023-09-25,10.39,10.39,9.84,9.84,1948884,19177018.56
2023-09-26,9.73,9.95,9.73,9.84,1942350,19112724.0
2023-09-27,9.66,9.88,9.51,9.88,1185814,11715842.32
2023-09-28,9.88,9.95,9.66,9.81,767617,7530322.7700000005
2023-09-29,9.84,10.06,9.81,9.81,791422,7763849.82
2023-10-02,9.95,10.03,9.84,9.99,770865,7700941.350000001
2023-10-03,9.88,9.88,9.51,9.51,1283551,12206570.01
2023-10-04,9.29,9.77,9.29,9.7,669090,6490172.999999999
2023-10-05,9.77,9.77,9.48,9.48,672938,6379452.24
2023-10-06,9.48,9.77,9.44,9.7,633264,6142660.8
2023-10-09,9.7,9.73,9.59,9.7,532328,5163581.6
2023-10-10,9.77,9.81,9.66,9.7,683071,6625788.699999999
2023-10-11,9.7,9.7,9.55,9.66,622047,6008974.0200000005
2023-10-12,9.73,9.73,9.59,9.59,568552,5452413.68
2023-10-13,9.59,9.59,9.48,9.51,978680,9307246.799999999
2023-10-16,9.51,9.51,9.37,9.37,695806,6519702.22
2023-10-17,9.37,9.44,9.22,9.22,639911,5899979.420000001
2023-10-18,9.26,9.26,8.85,8.85,1534099,13576776.15
2023-10-19,8.93,9.04,8.85,8.89,1000120,8891066.8
2023-10-20,8.89,9.22,8.89,9.22,958494,8837314.68
2023-10-23,9.22,9.22,9.0,9.07,544785,4941199.95
2023-10-24,9.07,9.66,9.07,9.51,1334490,12690999.9
2023-10-25,9.37,9.66,9.37,9.37,1293426,12119401.62
2023-10-26,9.29,9.29,8.82,9.0,1388389,12495501.0
2023-10-27,9.11,9.18,8.93,9.15,823887,7538566.050000001
2023-10-30,9.15,9.4,9.11,9.18,942669,8653701.42
2023-10-31,9.29,9.44,9.18,9.33,2238512,20885316.96
2023-11-01,9.33,9.48,9.29,9.37,1639047,15357870.389999999
2023-11-02,9.44,9.66,9.33,9.66,1584315,15304482.9
2023-11-03,9.66,10.17,9.62,10.17,4427944,45032190.48
2023-11-06,10.17,10.17,9.95,9.99,3415156,34117408.44
2023-11-07,9.99,9.99,9.73,9.77,2221576,21704797.52
2023-11-08,9.81,10.25,9.73,10.1,2425237,24494893.7
2023-11-09,10.17,10.25,9.95,9.99,2997294,29942967.060000002
2023-11-10,9.73,10.06,9.7,10.06,3239706,32591442.360000003
2023-11-13,9.99,10.1,9.95,10.06,2894362,29117281.720000003
2023-11-14,10.21,10.61,10.06,10.17,6270180,63767730.6
2023-11-15,10.28,10.36,10.17,10.25,6432769,65935882.25
2023-11-16,10.25,10.36,10.1,10.32,3434791,35447043.12
2023-11-17,10.32,10.36,10.03,10.1,3292489,33254138.9
2023-11-20,9.55,10.1,9.55,10.03,1881513,18871575.39
2023-11-21,10.06,10.14,9.99,10.1,1801022,18190322.2
2023-11-22,10.06,10.14,9.99,10.06,1978630,19905017.8
2023-11-23,10.06,10.17,9.92,9.99,2751779,27490272.21
2023-11-24,9.95,9.95,9.62,9.92,2417082,23977453.44
2023-11-27,9.95,9.95,9.77,9.77,971215,9488770.549999999
2023-11-28,9.77,9.81,9.62,9.77,1479409,14453825.93
2023-11-29,9.77,9.99,9.77,9.95,974757,9698832.149999999
2023-11-30,10.03,10.03,9.77,9.77,695645,6796451.649999999
2023-12-01,9.81,9.88,9.7,9.77,582320,5689266.399999999
2023-12-04,9.81,10.14,9.77,9.92,2493592,24736432.64
2023-12-05,10.06,10.1,9.88,9.99,1349990,13486400.1
2023-12-06,10.06,10.25,9.99,10.25,3515187,36030666.75
2023-12-07,10.36,10.39,10.21,10.32,4750547,49025645.04
2023-12-08,10.32,10.46,10.21,10.32,2400639,24774594.48
2023-12-11,10.43,10.43,9.95,10.17,1445399,14699707.83
2023-12-12,10.1,10.17,10.03,10.17,810798,8245815.66
2023-12-13,10.21,10.25,9.95,9.99,1219714,12184942.86
2023-12-14,9.99,10.03,9.88,9.92,1155186,11459445.12
2023-12-15,9.81,9.92,9.73,9.81,1517386,14885556.66
2023-12-18,9.92,9.92,9.62,9.62,1541551,14829720.62
2023-12-19,9.62,9.77,9.59,9.66,983494,9500552.040000001
2023-12-20,9.7,9.77,9.62,9.66,603975,5834398.5
2023-12-21,9.66,9.7,9.59,9.7,953830,9252151.0
2023-12-22,9.77,9.77,9.59,9.59,1436220,13773349.799999999
2023-12-25,9.62,9.77,9.62,9.66,756629,7309036.14
2023-12-26,9.66,9.77,9.66,9.7,921347,8937065.899999999
2023-12-27,9.73,9.77,9.7,9.73,732730,7129462.9
2023-12-28,9.77,9.77,9.7,9.73,1334843,12988022.39
2023-12-29,9.73,9.81,9.73,9.73,1665523,16205538.790000001
2024-01-02,9.81,9.92,9.81,9.84,1021739,10053911.76
2024-01-03,9.84,10.14,9.81,10.14,2267146,22988860.44
2024-01-04,10.14,10.57,10.1,10.28,5260055,54073365.4
2024-01-05,10.32,10.46,10.25,10.43,6776778,70681794.53999999
2024-01-08,10.43,10.68,10.36,10.68,6706089,71621030.52
2024-01-09,10.68,10.79,10.54,10.61,4660499,49447894.39
2024-01-10,10.65,10.68,10.25,10.68,6955834,74288307.12
2024-01-11,10.68,11.05,10.68,10.87,11330680,123164491.6
2024-01-12,10.76,10.98,10.68,10.9,6192740,67500866.0
2024-01-15,10.98,11.23,10.94,11.2,5990993,67099121.599999994
2024-01-16,11.27,11.27,10.94,11.05,2015135,22267241.75
2024-01-17,11.16,11.16,10.87,10.87,2547018,27686085.659999996
2024-01-18,10.98,10.98,10.76,10.76,2571385,27668102.599999998
2024-01-19,10.87,11.01,10.87,10.98,2640687,28994743.26
2024-01-22,11.01,11.09,10.9,10.94,1963474,21480405.56
2024-01-23,10.98,10.98,10.83,10.87,1996108,21697693.959999997
2024-01-24,10.79,10.94,10.54,10.65,3485339,37118860.35
2024-01-25,10.72,10.72,10.57,10.68,1526786,16306074.48
2024-01-26,10.76,10.76,10.68,10.68,1724588,18418599.84
2024-01-29,10.79,10.79,10.65,10.79,2070889,22344892.31
2024-01-30,10.79,11.27,10.79,11.2,7939828,88926073.6
2024-01-31,11.23,11.23,10.83,10.87,3497811,38021205.57
2024-02-01,10.87,10.9,10.68,10.83,3641437,39436762.71
2024-02-02,10.76,10.83,10.61,10.61,3363993,35691965.73
2024-02-05,10.72,10.98,10.61,10.94,2914628,31886030.32
2024-02-06,11.01,11.12,10.87,10.87,1639345,17819680.15
2024-02-07,10.9,11.09,10.87,11.05,3827006,42288416.300000004
2024-02-15,11.05,11.75,11.05,11.64,11573604,134716750.56
2024-02-16,11.71,11.71,11.38,11.49,3208997,36871375.53
2024-02-19,11.49,11.86,11.34,11.53,3965680,45724290.4
2024-02-20,11.53,11.53,11.31,11.38,3647749,41511383.620000005
2024-02-21,11.42,11.56,11.23,11.49,4058861,46636312.89
2024-02-22,11.49,11.56,11.34,11.34,2685784,30456790.56
2024-02-23,11.45,11.67,11.12,11.12,7793975,86669002.0
2024-02-26,11.16,11.16,11.01,11.05,2875254,31771556.700000003
2024-02-27,11.12,11.2,11.01,11.12,2770950,30812963.999999996
2024-02-28,11.16,11.27,11.12,11.27,2862622,32261749.939999998
2024-02-29,11.38,11.45,11.09,11.09,3534195,39194222.55
2024-03-01,11.09,11.16,11.01,11.09,2736801,30351123.09
2024-03-04,11.2,11.2,11.05,11.09,3305210,36654778.9
2024-03-05,11.05,11.12,11.01,11.09,2978297,33029313.73
2024-03-06,11.09,11.27,11.01,11.09,3408031,37795063.79
2024-03-07,11.05,11.09,11.01,11.05,1756186,19405855.3
2024-03-08,11.05,11.09,10.79,10.83,4901181,53079790.23
2024-03-11,10.79,10.79,10.54,10.61,3266828,34661045.08
2024-03-12,10.54,10.76,10.5,10.72,2252954,24151666.880000003
2024-03-13,10.79,10.98,10.68,10.98,2135840,23451523.2
2024-03-14,10.98,10.98,10.72,10.79,2517787,27166921.729999997
2024-03-15,10.76,10.76,10.65,10.68,1840339,19654820.52
2024-03-18,10.68,10.76,10.21,10.76,4973623,53516183.48
2024-03-19,10.68,10.68,10.39,10.43,1992184,20778479.12
2024-03-20,10.43,10.68,10.36,10.61,2982708,31646531.88
2024-03-21,10.76,10.9,10.68,10.9,4744469,51714712.1
2024-03-22,10.9,11.01,10.76,10.83,3975352,43053062.160000004
2024-03-25,10.83,10.98,10.68,10.72,2171332,23276679.040000003
2024-03-26,10.72,10.94,10.72,10.83,2367395,25638887.85
2024-03-27,10.98,11.12,10.87,10.98,3814501,41883220.980000004
2024-03-28,11.09,11.12,10.98,11.09,2648744,29374570.96
2024-03-29,11.09,11.12,10.87,10.94,1404380,15363917.2
2024-04-01,11.01,11.01,10.79,10.87,1558825,16944427.75
2024-04-02,10.9,10.9,10.68,10.83,1545242,16734970.86
2024-04-03,10.79,10.83,10.57,10.61,3018695,32028353.95
2024-04-04,10.61,10.68,10.54,10.57,2581162,27282882.34
2024-04-05,10.54,10.57,10.46,10.54,1943055,20479799.7
2024-04-08,10.54,10.61,10.46,10.54,1286207,13556621.78
2024-04-09,10.54,10.68,10.5,10.68,1218551,13014124.68
2024-04-10,10.68,10.76,10.65,10.72,2465057,26425411.040000003
2024-04-11,10.57,10.68,10.5,10.68,524950,5606466.0
2024-04-12,10.72,10.87,10.61,10.87,2558776,27813895.119999997
2024-04-15,10.76,10.98,10.25,10.28,4456079,45808492.12
2024-04-16,10.36,10.39,9.92,9.99,3946658,39427113.42
2024-04-17,10.14,10.28,9.99,10.06,2771568,27881974.080000002
2024-04-19,9.95,10.17,9.81,9.88,2458943,24294356.840000004
2024-04-22,10.1,10.1,9.95,10.06,775950,7806057.0
2024-04-23,10.14,10.14,9.84,9.88,1358914,13426070.32
2024-04-24,9.92,10.17,9.92,10.14,1666456,16897863.84
2024-04-25,10.14,10.21,9.88,9.95,2038781,20285870.95
2024-04-26,9.92,10.06,9.92,9.99,1077807,10767291.93
2024-05-02,9.99,10.03,9.88,9.99,748724,7479752.76
2024-05-03,10.03,10.14,9.99,10.03,1508097,15126212.909999998
2024-05-06,10.14,10.28,10.1,10.21,1687601,17230406.21
2024-05-07,10.25,10.32,10.17,10.32,1059308,10932058.56
2024-05-08,10.28,10.28,10.14,10.28,1059847,10895227.16
2024-05-09,10.21,10.32,10.1,10.25,1500344,15378526.0
2024-05-10,10.28,10.28,10.14,10.17,933607,9494783.19
2024-05-13,10.21,10.21,10.06,10.14,1012952,10271333.280000001
2024-05-14,10.14,10.25,10.1,10.1,961283,9708958.299999999
2024-05-15,10.14,10.21,10.1,10.14,1431918,14519648.520000001
2024-05-16,10.21,10.61,10.17,10.61,3753959,39829504.989999995
2024-05-17,10.65,10.72,10.5,10.61,1822532,19337064.52
2024-05-20,10.98,10.98,10.61,10.65,2037025,21694316.25
2024-05-21,10.65,10.68,10.43,10.54,2418592,25491959.68
2024-05-22,10.54,10.65,10.5,10.54,1350466,14233911.639999999
2024-05-23,10.54,10.61,10.5,10.61,1726598,18319204.779999997
2024-05-24,10.57,10.79,10.54,10.57,3740117,39533036.69
2024-05-27,10.54,10.65,10.54,10.65,1330506,14169888.9
2024-05-28,10.65,10.79,10.65,10.76,2235103,24049708.28
2024-05-29,10.76,10.79,10.61,10.61,2111756,22405731.16
2024-05-30,10.57,10.72,10.5,10.72,1719497,18433007.84
2024-05-31,10.72,10.83,10.61,10.79,1875192,20233321.68
2024-06-03,10.79,11.23,10.76,11.2,8781265,98350168.0
2024-06-04,11.2,11.23,11.09,11.12,4150507,46153637.839999996
2024-06-05,11.12,11.45,11.05,11.27,5551562,62566103.739999995
2024-06-06,11.27,11.31,11.09,11.16,1741350,19433466.0
2024-06-07,11.16,11.34,11.09,11.31,3403932,38498470.92
2024-06-10,11.31,11.38,11.2,11.23,2294278,25764741.94
2024-06-11,11.16,11.27,11.12,11.12,1489552,16563818.239999998
2024-06-12,11.12,11.27,11.09,11.27,2129986,24004942.22
2024-06-13,11.27,11.45,11.27,11.42,3934677,44934011.339999996
2024-06-14,11.45,11.45,11.12,11.12,2031370,22588834.4
2024-06-17,11.12,11.2,10.79,10.9,2825231,30795017.900000002
2024-06-18,10.98,10.98,10.9,10.9,917110,9996499.0
2024-06-19,10.9,10.98,10.61,10.83,2072246,22442424.18
2024-06-20,10.83,10.98,10.76,10.79,401612,4333393.4799999995
2024-06-21,10.79,10.83,10.57,10.61,1209834,12836338.74
2024-06-24,10.61,10.76,10.36,10.46,2009415,21018480.900000002
2024-06-25,10.46,10.65,10.46,10.65,805651,8580183.15
2024-06-26,10.61,10.61,10.36,10.46,1091386,11415897.56
2024-06-27,10.46,10.46,10.39,10.46,693979,7259020.340000001
2024-06-28,10.46,10.5,10.32,10.32,1010495,10428308.4
2024-07-01,10.32,10.46,10.32,10.46,704582,7369927.720000001
2024-07-02,10.5,10.57,10.46,10.54,736095,7758441.3
2024-07-03,10.61,10.61,10.5,10.54,742710,7828163.399999999
2024-07-04,10.65,10.79,10.57,10.57,1468879,15526051.030000001
2024-07-05,10.68,10.72,10.5,10.72,1299759,13933416.48
2024-07-08,10.72,10.72,10.5,10.72,1638157,17561043.040000003
2024-07-09,10.61,10.68,10.5,10.61,1782970,18917311.7
2024-07-10,10.65,10.72,10.57,10.72,1483161,15899485.920000002
2024-07-11,10.68,10.72,10.61,10.65,979988,10436872.200000001
2024-07-12,10.61,10.68,10.57,10.57,1110772,11740860.040000001
2024-07-15,10.61,10.68,10.54,10.54,637428,6718491.119999999
2024-07-16,10.54,10.65,10.54,10.57,1299523,13735958.110000001
2024-07-17,10.61,10.83,10.57,10.61,2656678,28187353.58
2024-07-18,10.72,10.72,10.57,10.65,1014696,10806512.4
2024-07-19,10.65,11.23,10.54,11.05,5725297,63264531.85
2024-07-22,11.12,11.16,10.9,11.12,3176763,35325604.559999995
2024-07-23,11.12,11.16,10.36,10.61,4911511,52111131.71
2024-07-24,10.54,10.76,10.5,10.68,1593024,17013496.32
2024-07-25,10.65,10.68,10.54,10.65,1260328,13422493.200000001
2024-07-26,10.61,10.83,10.57,10.83,2372454,25693676.82
2024-07-29,10.79,10.98,10.76,10.9,2063908,22496597.2
2024-07-30,10.9,11.01,10.79,10.83,3559669,38551215.27
2024-07-31,10.76,10.76,10.54,10.61,3240851,34385429.11
2024-08-01,10.65,10.65,10.5,10.57,1049698,11095307.86
2024-08-02,10.46,10.72,10.39,10.72,2467585,26452511.200000003
2024-08-05,10.61,10.61,10.06,10.14,2719459,27575314.26
2024-08-06,10.1,10.43,9.99,10.39,1964342,20409513.380000003
2024-08-07,10.39,10.5,10.21,10.43,1612398,16817311.14
2024-08-08,10.32,10.5,10.28,10.46,1672936,17498910.560000002
2024-08-09,10.5,10.65,10.46,10.57,1180211,12474830.27
2024-08-12,10.54,10.68,10.54,10.65,1119268,11920204.200000001
2024-08-13,10.65,10.76,10.54,10.61,2147945,22789696.45
2024-08-14,10.65,10.68,10.57,10.65,904758,9635672.700000001
2024-08-15,10.65,10.65,10.54,10.54,460039,4848811.06
2024-08-16,10.68,10.72,10.54,10.57,3355809,35470901.13
2024-08-19,10.68,10.68,10.54,10.61,1073375,11388508.75
2024-08-20,10.61,10.68,10.54,10.57,2608398,27570766.86
2024-08-21,10.61,10.61,10.54,10.61,2133313,22634450.93
2024-08-22,10.65,10.76,10.57,10.61,3223214,34198300.54
2024-08-23,10.68,10.76,10.57,10.61,3508546,37225673.059999995
2024-08-26,10.65,10.65,10.57,10.57,2279741,24096862.37
2024-08-27,10.57,10.61,10.43,10.43,3112752,32466003.36
2024-08-28,10.43,10.54,10.43,10.5,2487172,26115306.0
2024-08-29,10.58,10.71,10.54,10.54,2209251,23285505.54
2024-08-30,10.63,10.63,10.45,10.45,772762,8075362.899999999
2024-09-04,10.36,10.41,10.23,10.32,1277152,13180208.64
2024-09-05,10.36,10.45,10.23,10.28,1095708,11263878.24
2024-09-06,10.28,10.28,10.14,10.19,887378,9042381.82
2024-09-09,10.19,10.23,10.14,10.19,483974,4931695.06
2024-09-10,10.23,10.28,10.1,10.1,635003,6413530.3
2024-09-11,10.1,10.19,9.92,9.92,1648417,16352296.64
2024-09-12,10.01,10.06,9.97,10.01,563671,5642346.71
2024-09-13,10.01,10.06,9.97,10.01,473027,4735000.27
2024-09-16,10.01,10.1,9.97,9.97,907738,9050147.860000001
2024-09-17,10.06,10.19,9.92,10.19,860149,8764918.309999999
2024-09-18,10.19,10.23,10.06,10.19,1053304,10733167.76
2024-09-19,10.19,10.23,10.1,10.19,416239,4241475.41
2024-09-20,10.28,10.32,10.19,10.23,1142925,11692122.75
2024-09-23,10.19,10.28,10.1,10.14,752521,7630562.94
2024-09-24,10.19,10.28,10.1,10.23,780844,7988034.12
2024-09-25,10.28,10.36,10.23,10.23,3491814,35721257.22
2024-09-26,10.28,10.71,10.23,10.54,4934648,52011189.919999994
2024-09-27,10.67,10.85,10.54,10.58,4167607,44093282.06
2024-09-30,10.67,10.85,10.54,10.63,4455623,47363272.49
2024-10-01,10.67,10.71,10.58,10.63,3929515,41770744.45
2024-10-02,10.54,10.63,10.45,10.49,3070514,32209691.86
2024-10-03,10.49,11.2,10.49,11.2,24125375,270204200.0
2024-10-04,11.33,11.5,11.2,11.24,5959995,66990343.800000004
2024-10-07,11.24,11.33,10.93,11.02,8158024,89901424.47999999
2024-10-08,11.07,11.33,11.02,11.02,8627482,95074851.64
2024-10-09,10.98,11.11,10.93,11.11,5375667,59723660.37
2024-10-10,11.2,11.2,10.89,10.89,7231347,78749368.83
2024-10-11,10.89,10.93,10.71,10.76,5803117,62441538.92
2024-10-14,10.85,10.89,10.71,10.71,4119634,44121280.14
2024-10-15,10.76,10.98,10.71,10.76,4567497,49146267.72
2024-10-16,10.76,10.85,10.67,10.76,2083946,22423258.96
2024-10-17,10.8,10.93,10.67,10.85,4338221,47069697.85
2024-10-18,10.89,11.11,10.85,10.85,6575503,71344207.55
2024-10-21,10.85,10.89,10.71,10.71,3382224,36223619.04000001
2024-10-22,10.71,10.71,10.28,10.32,9782627,100956710.64
2024-10-23,10.32,10.41,10.28,10.32,2407396,24844326.720000003
2024-10-24,10.36,10.41,10.1,10.1,5022654,50728805.4
2024-10-25,10.19,10.23,10.01,10.01,3611060,36146710.6
2024-10-28,10.06,10.14,10.06,10.1,1618432,16346163.2
2024-10-29,10.1,10.28,10.06,10.23,2517364,25752633.720000003
2024-10-30,10.23,10.28,10.06,10.14,3282204,33281548.560000002
2024-10-31,10.19,10.23,10.06,10.06,3031583,30497724.98
2024-11-01,10.06,10.1,9.79,9.79,7251465,70991842.35
2024-11-04,9.84,9.88,9.48,9.53,7214844,68757463.32
2024-11-05,9.57,9.62,9.35,9.4,4590581,43151461.4
2024-11-06,9.44,9.53,9.4,9.48,5329895,50527404.6
2024-11-07,9.57,9.57,9.4,9.4,4816907,45278925.800000004
2024-11-08,9.44,9.44,9.27,9.31,4756422,44282288.82
2024-11-11,9.31,9.31,9.18,9.27,4497904,41695570.08
2024-11-12,9.31,9.53,9.27,9.44,4162393,39292989.919999994
2024-11-13,9.44,9.48,9.31,9.44,2701981,25506700.639999997
2024-11-14,9.44,9.44,9.22,9.22,3215271,29644798.62
2024-11-15,9.13,9.22,8.96,9.09,3787853,34431583.769999996
2024-11-18,9.05,9.31,9.05,9.22,1792274,16524766.280000001
2024-11-19,9.22,9.22,9.09,9.09,1410001,12816909.09
2024-11-20,9.09,9.27,9.09,9.18,1988264,18252263.52
2024-11-21,9.18,9.27,9.09,9.18,2508153,23024844.54
2024-11-22,9.18,9.22,9.13,9.13,2439019,22268243.470000003
2024-11-25,9.18,9.22,9.13,9.13,1962009,17913142.17
2024-11-26,9.18,9.31,9.18,9.27,2436008,22581794.16
2024-11-27,9.27,9.31,9.18,9.22,2230589,20566030.580000002
2024-11-28,9.22,9.31,9.18,9.22,2075600,19137032.0
2024-11-29,9.22,9.48,9.18,9.44,6421361,60617647.839999996
2024-12-02,9.48,9.48,9.4,9.44,1595972,15065975.68
2024-12-03,9.4,9.53,9.31,9.48,2497981,23680859.880000003
2024-12-04,9.48,9.48,9.35,9.35,3863414,36122920.9
2024-12-05,9.35,9.53,9.27,9.53,3291603,31368976.589999996
2024-12-06,9.48,9.57,9.4,9.53,3038993,28961603.29
2024-12-09,9.53,9.79,9.48,9.75,6178472,60240102.0
2024-12-10,9.75,9.84,9.66,9.84,5503416,54153613.44
2024-12-11,9.88,10.01,9.66,9.92,4957584,49179233.28
2024-12-12,9.88,10.01,9.79,9.88,3222312,31836442.560000002
2024-12-13,9.88,9.88,9.48,9.57,5803437,55538892.09
2024-12-16,9.57,9.62,9.48,9.57,1650280,15793179.6
2024-12-17,9.57,9.62,9.48,9.48,1032360,9786772.8
2024-12-18,9.48,9.57,9.44,9.53,1676855,15980428.149999999
2024-12-19,9.4,9.44,9.31,9.44,2500075,23600708.0
2024-12-20,9.44,9.44,9.35,9.4,1914030,17991882.0
2024-12-23,9.4,9.53,9.4,9.53,1955498,18635895.939999998
2024-12-24,9.53,9.57,9.44,9.57,950344,9094792.08
2024-12-25,9.53,9.79,9.48,9.66,4786544,46238015.04
2024-12-26,9.7,9.7,9.53,9.57,1518139,14528590.23
2024-12-27,9.66,9.75,9.57,9.62,2747583,26431748.459999997
2024-12-30,9.62,9.66,9.48,9.66,1463435,14136782.1
2024-12-31,9.57,10.01,9.57,10.01,3299585,33028845.849999998
2025-01-02,9.75,9.84,9.66,9.7,1523380,14776785.999999998
2025-01-03,9.66,9.66,9.48,9.53,1563241,14897686.729999999
2025-01-06,9.53,9.62,9.4,9.4,1444567,13578929.8
2025-01-07,9.4,9.48,9.35,9.35,1391778,13013124.299999999
2025-01-08,9.35,9.53,9.31,9.44,879936,8306595.84
2025-01-09,9.48,9.48,9.35,9.4,545493,5127634.2
2025-01-10,9.4,9.44,9.27,9.27,1473213,13656684.51
2025-01-13,9.27,9.31,9.09,9.18,2015326,18500692.68
2025-01-14,9.18,9.27,9.13,9.18,390935,3588783.3
2025-01-15,9.18,9.31,9.18,9.27,872406,8087203.619999999
2025-01-16,9.27,9.4,9.27,9.31,1282729,11942206.99
2025-01-17,9.31,9.44,9.31,9.35,1183465,11065397.75
2025-01-20,9.44,9.48,9.31,9.31,1033357,9620553.67
2025-01-21,9.35,9.53,9.31,9.44,1747726,16498533.44
2025-01-22,9.44,9.57,9.4,9.48,1679959,15926011.32
2025-01-23,9.53,9.62,9.44,9.57,1752239,16768927.23
2025-01-24,9.57,9.84,9.48,9.84,3570090,35129685.6
2025-02-03,9.66,9.75,9.62,9.7,1711715,16603635.499999998
2025-02-04,9.7,9.88,9.66,9.84,5607187,55174720.08
2025-02-05,9.88,10.14,9.79,10.01,10236050,102462860.5
2025-02-06,10.01,10.19,10.01,10.1,6488527,65534122.699999996
2025-02-07,10.1,10.14,10.01,10.1,4097851,41388295.1
2025-02-10,10.06,10.1,9.92,9.97,2060097,20539167.09
2025-02-11,9.97,10.1,9.97,10.01,3883802,38876858.019999996
2025-02-12,10.06,10.06,10.01,10.01,2019651,20216706.509999998
2025-02-13,10.01,10.01,9.88,9.88,1386663,13700230.440000001
2025-02-14,9.92,10.06,9.92,10.01,1994239,19962332.39
2025-02-17,10.06,10.1,9.97,10.06,3387976,34083038.56
2025-02-18,10.1,10.32,10.06,10.19,4742125,48322253.75
2025-02-19,10.19,10.45,10.19,10.36,4584765,47498165.4
2025-02-20,10.41,10.45,10.19,10.19,2037936,20766567.84
2025-02-21,10.28,10.28,10.06,10.14,2341765,23745497.1
2025-02-24,10.14,10.19,10.01,10.06,2048002,20602900.12
2025-02-25,10.1,10.19,10.06,10.06,1646192,16560691.520000001
2025-02-26,10.06,10.1,9.92,9.97,2406415,23991957.55
2025-02-27,10.01,10.06,9.92,9.97,1462471,14580835.870000001
2025-02-28,9.97,10.01,9.84,9.88,1914284,18913125.92
2025-03-03,9.88,9.92,9.79,9.84,1900561,18701520.24
2025-03-04,9.84,10.01,9.75,9.97,2467841,24604374.770000003
2025-03-05,9.92,10.14,9.92,9.92,2046616,20302430.72
2025-03-06,9.92,9.97,9.84,9.97,1870657,18650450.290000003
2025-03-07,10.01,10.19,9.92,10.06,4847926,48770135.56
2025-03-10,10.14,10.14,10.01,10.06,2908456,29259067.360000003
2025-03-11,10.01,10.01,9.88,9.97,3017038,30079868.860000003
2025-03-12,10.01,10.01,9.79,9.84,3179602,31287283.68
2025-03-13,9.84,9.92,9.66,9.66,5072768,49002938.88
2025-03-14,9.7,9.84,9.7,9.79,1985573,19438759.669999998
2025-03-17,9.88,10.28,9.84,10.06,5106027,51366631.620000005
2025-03-18,10.06,10.1,9.88,9.92,4120024,40870638.08
2025-03-19,9.97,9.97,9.79,9.88,1706064,16855912.32
2025-03-20,9.97,10.01,9.79,9.79,3016033,29526963.069999997
2025-03-21,9.84,9.88,9.66,9.66,3123676,30174710.16
2025-03-24,9.7,9.79,9.66,9.79,1956008,19149318.319999997
2025-03-25,9.88,9.92,9.79,9.84,1937258,19062618.72
2025-03-26,9.84,9.97,9.79,9.88,2288880,22614134.400000002
2025-03-27,9.88,9.92,9.75,9.84,1198991,11798071.44
2025-03-28,9.75,9.84,9.7,9.75,1145623,11169824.25
2025-03-31,9.75,9.84,9.66,9.79,1814053,17759578.869999997
2025-04-01,10.01,10.01,9.88,9.92,5134568,50934914.56
2025-04-02,9.92,10.01,9.88,9.92,4731688,46938344.96
2025-04-03,9.66,9.75,9.27,9.27,10181966,94386824.82
2025-04-04,8.62,9.13,8.62,9.0,7022804,63205236.0
2025-04-08,8.96,8.96,8.38,8.38,8225521,68929865.98
2025-04-09,7.8,8.69,7.8,8.41,4889277,41118819.57
2025-04-10,9.0,9.0,9.0,9.0,587246,5285214.0
2025-04-11,9.09,9.44,8.91,9.44,5419745,51162392.8
2025-04-14,9.44,9.44,9.18,9.35,4702088,43964522.8
2025-04-15,9.31,9.31,9.09,9.27,2072081,19208190.869999997
2025-04-16,9.18,9.27,9.13,9.22,2172080,20026577.6
2025-04-17,9.13,9.22,9.05,9.22,2378051,21925630.220000003
2025-04-18,9.22,9.31,9.18,9.31,5107575,47551523.25
2025-04-21,9.31,9.35,9.13,9.22,2766436,25506539.92
2025-04-22,9.22,9.27,8.61,9.18,5854855,53747568.9
2025-04-23,9.22,9.31,9.18,9.27,1414855,13115705.85
2025-04-24,9.22,9.27,9.13,9.22,1538308,14183199.760000002
2025-04-25,9.22,9.22,9.05,9.05,3056777,27663831.85
2025-04-28,9.18,9.18,9.05,9.13,1429510,13051426.3
2025-04-29,9.13,9.18,9.09,9.13,1396957,12754217.410000002
2025-05-05,9.18,9.18,9.09,9.13,856283,7817863.790000001
2025-05-06,9.18,9.27,9.13,9.18,2763084,25365111.12
2025-05-07,9.18,9.22,9.13,9.22,1237256,11407500.32
2025-05-08,9.22,9.27,9.18,9.22,2022606,18648427.32
2025-05-09,9.22,9.31,9.18,9.27,2218819,20568452.13
2025-05-12,9.31,9.35,9.22,9.31,1796547,16725852.57
2025-05-13,9.35,9.53,9.31,9.44,3570658,33707011.519999996
2025-05-14,9.44,9.57,9.4,9.57,2802396,26818929.720000003
2025-05-15,9.57,9.75,9.57,9.66,4056422,39185036.52
2025-05-16,9.66,9.66,9.53,9.53,2921554,27842409.619999997
2025-05-19,9.48,9.62,9.4,9.48,2136988,20258646.240000002
2025-05-20,9.53,9.62,9.4,9.57,3945586,37759258.02
2025-05-21,9.53,9.66,9.48,9.53,2083742,19858061.259999998
2025-05-22,9.48,9.53,9.44,9.44,2296580,21679715.2
2025-05-23,9.44,9.48,9.35,9.4,1841267,17307909.8
2025-05-26,9.4,9.53,9.22,9.53,3281438,31272104.139999997
2025-05-27,9.53,9.66,9.48,9.57,4207795,40268598.15
2025-05-28,9.62,9.62,9.48,9.53,2238339,21331370.669999998
2025-05-29,9.53,9.62,9.44,9.48,1898837,18000974.76
2025-05-30,9.48,9.48,9.31,9.31,2733107,25445226.17
2025-06-02,9.31,9.7,9.27,9.62,4062529,39081528.98
2025-06-03,9.62,9.7,9.57,9.62,2819632,27124859.839999996
2025-06-04,9.62,9.66,9.53,9.57,1840464,17613240.48
2025-06-05,9.57,9.62,9.48,9.53,1055484,10058762.52
2025-06-06,9.53,9.57,9.44,9.44,1338843,12638677.92
2025-06-09,9.44,9.48,9.4,9.44,1921567,18139592.48
2025-06-10,9.44,9.79,9.44,9.66,5774350,55780221.0
2025-06-11,9.66,9.7,9.57,9.57,744868,7128386.76
2025-06-12,9.57,10.1,9.57,10.06,12679370,127554462.2
2025-06-13,9.92,9.97,9.79,9.92,7459860,74001811.2
2025-06-16,9.92,10.14,9.92,10.06,5898636,59340278.160000004
2025-06-17,10.19,10.36,10.06,10.28,9503600,97697008.0
2025-06-18,10.32,10.41,10.14,10.23,5971596,61089427.080000006
2025-06-19,10.23,10.28,10.1,10.23,3104147,31755423.810000002
2025-06-20,10.32,10.45,10.19,10.19,6047729,61626358.51
2025-06-23,10.1,10.63,10.01,10.45,10696375,111777118.74999999
2025-06-24,10.54,10.54,10.41,10.41,5033644,52400234.04
2025-06-25,10.45,10.49,10.36,10.36,3280612,33987140.32
2025-06-26,10.36,10.45,10.23,10.28,2802114,28805731.919999998
2025-06-27,10.41,10.49,10.28,10.28,4461472,45863932.16
2025-06-30,10.32,10.41,10.23,10.28,2144507,22045531.959999997
2025-07-01,10.36,10.41,10.23,10.36,3762199,38976381.64
2025-07-02,10.45,10.63,10.45,10.49,6092122,63906359.78
2025-07-03,10.49,10.58,10.45,10.54,6222411,65584211.94
2025-07-04,10.58,10.63,10.54,10.63,3877712,41220078.56
2025-07-07,10.67,10.89,10.67,10.89,7771172,84628063.08
2025-07-08,10.93,10.93,10.76,10.85,6792930,73703290.5
2025-07-09,10.89,11.24,10.85,11.15,8990756,100246929.4
2025-07-10,11.33,11.33,11.11,11.24,5872459,66006439.160000004
2025-07-11,11.24,11.29,11.11,11.2,4298330,48141296.0
2025-07-14,11.24,11.5,11.15,11.5,9651554,110992871.0
2025-07-15,11.5,12.03,11.46,11.86,9377509,111217256.74
2025-07-16,11.72,11.94,11.59,11.94,7760253,92657420.82
2025-07-17,11.94,11.94,11.48,11.48,16068323,184464348.04000002
2025-07-18,11.53,11.57,11.2,11.3,8094400,91466720.0
2025-07-21,11.34,11.53,11.25,11.25,5077717,57124316.25
2025-07-22,11.25,11.3,11.2,11.3,5238579,59195942.7
2025-07-23,11.39,11.48,11.3,11.34,6941691,78718775.94
2025-07-24,11.43,12.13,11.39,11.99,15512779,185998220.21
2025-07-25,11.99,12.08,11.85,11.99,7037555,84380284.45
2025-07-28,12.13,12.82,12.13,12.82,18132129,232453893.78
2025-07-29,12.87,12.96,11.94,11.94,15066226,179890738.44
2025-07-30,11.94,12.36,11.81,12.31,10752492,132363176.52000001
2025-07-31,12.41,12.5,11.94,12.18,7070396,86117423.28
2025-08-01,12.18,12.18,11.76,11.76,10248714,120524876.64
2025-08-04,11.67,12.36,11.67,12.36,7727737,95514829.32
2025-08-05,12.5,12.78,11.85,12.22,19599940,239511266.8
2025-08-06,12.27,12.5,12.22,12.31,7236041,89075664.71000001
2025-08-07,12.5,12.59,12.41,12.59,13889191,174864914.69
2025-08-08,13.4,13.4,12.8,13.0,14937272,194184536.0
2025-08-11,13.1,13.15,12.8,12.95,11594427,150147829.65
2025-08-12,12.95,13.1,12.65,12.8,10481918,134168550.4
2025-08-13,12.9,12.9,12.6,12.7,10936388,138892127.6
2025-08-14,12.85,13.25,12.75,13.2,13623416,179829091.2
2025-08-15,13.3,13.45,12.85,13.0,9626790,125148270.0
2025-08-18,13.0,13.05,12.65,12.75,7832691,99866810.25
2025-08-19,12.8,12.95,12.7,12.8,8283078,106023398.4
2025-08-20,12.9,13.65,12.9,13.65,41740567,569758739.5500001
2025-08-21,14.05,14.6,14.05,14.6,16391400,239314440.0
2025-08-22,14.85,15.4,13.8,14.55,36959500,537760725.0
2025-08-25,14.75,14.75,13.55,13.55,16436900,222719995.0
2025-08-26,13.15,13.95,13.0,13.95,12402600,173016270.0
2025-08-27,14.05,14.1,13.55,13.6,12162100,165404560.0
2025-08-28,13.6,13.7,13.4,13.6,7215000,98124000.0
2025-08-29,13.75,13.9,13.55,13.65,9410100,128447865.0
2025-09-03,13.75,13.95,13.65,13.9,7754100,107781990.0
2025-09-04,14.05,14.45,13.9,14.15,11714900,165765835.0
2025-09-05,14.3,14.45,13.8,13.8,13800500,190446900.0
2025-09-08,13.8,13.8,13.0,13.0,13091600,170190800.0
2025-09-09,13.15,13.25,13.0,13.15,4798100,63095015.0
2025-09-10,13.4,13.4,13.05,13.2,2122400,28015680.0
2025-09-11,13.15,13.25,12.65,13.05,5768400,75277620.0
2025-09-12,13.2,13.2,13.0,13.1,3429000,44919900.0
2025-09-15,13.2,13.2,13.0,13.1,5669400,74269140.0
2025-09-16,13.2,13.35,13.15,13.25,6211500,82302375.0
2025-09-17,13.25,13.25,13.0,13.0,3709200,48219600.0
2025-09-18,13.05,13.2,12.9,12.95,3619200,46868640.0
2025-09-19,13.0,13.05,12.8,12.9,2920500,37674450.0
2025-09-22,12.9,12.9,12.6,12.65,3328200,42101730.0
2025-09-23,12.7,12.9,12.65,12.7,1474300,18723610.0
2025-09-24,12.6,12.8,12.55,12.8,2777500,35552000.0
2025-09-25,12.9,13.0,12.8,12.9,1886500,24335850.0
2025-09-26,12.9,12.9,12.75,12.75,1939300,24726075.0
2025-09-29,12.75,12.8,12.65,12.8,1216000,15564800.0
2025-09-30,12.8,12.9,12.6,12.65,2559200,32373880.0
2025-10-01,12.7,12.9,12.65,12.8,1868000,23910400.0
2025-10-02,12.85,13.1,12.85,12.9,4039000,52103100.0
2025-10-03,12.9,12.9,12.7,12.9,2922300,37697670.0
2025-10-06,12.9,13.25,12.85,13.25,6107000,80917750.0
2025-10-07,13.3,13.3,12.85,12.9,3340700,43095030.0
2025-10-08,13.1,13.15,12.85,13.0,3649100,47438300.0
2025-10-09,13.0,13.1,12.9,13.1,3250400,42580240.0
2025-10-10,13.15,13.4,13.1,13.35,8183400,109248390.0
2025-10-13,13.05,13.3,13.05,13.2,4009200,52921440.0
2025-10-14,13.25,13.3,12.95,12.95,4207200,54483240.0
2025-10-15,12.95,13.1,12.95,13.05,3738200,48783510.0
2025-10-16,13.05,13.15,12.95,13.0,3146300,40901900.0
2025-10-17,13.0,13.1,12.85,12.9,3086500,39815850.0
2025-10-20,12.8,12.85,12.0,12.0,6579900,78958800.0
2025-10-21,11.95,12.45,11.85,12.45,5212400,64894380.0
2025-10-22,12.6,12.75,12.25,12.75,2664700,33974925.0
2025-10-23,12.7,12.9,12.55,12.9,3109400,40111260.0
2025-10-24,12.85,12.9,12.55,12.9,3528900,45522810.0
2025-10-27,12.7,12.9,12.6,12.85,2640500,33930425.0
2025-10-28,12.6,13.1,12.45,13.0,5208600,67711800.0
2025-10-29,13.2,13.7,13.2,13.55,16497800,223545190.0
2025-10-30,13.7,13.75,13.2,13.4,4965900,66543060.0
2025-10-31,13.4,13.4,12.75,12.75,5248800,66922200.0
2025-11-03,12.85,12.85,12.35,12.35,5235200,64654720.0
2025-11-04,12.3,12.75,12.0,12.6,4701600,59240160.0
2025-11-05,12.55,12.6,12.35,12.45,1799900,22408755.0
2025-11-06,12.4,12.45,12.25,12.35,1663600,20545460.0
2025-11-07,12.3,12.35,12.1,12.15,2245800,27286470.0
2025-11-10,12.2,12.25,12.0,12.1,2042800,24717880.0
